<metadata xml:lang="en"><Esri><CreaDate>20190520</CreaDate><CreaTime>16023500</CreaTime><ArcGISFormat>1.0</ArcGISFormat><ArcGISstyle>SDSFIE-M 1.0.2</ArcGISstyle><SyncOnce>FALSE</SyncOnce><DataProperties><lineage><Process ToolSource="c:\program files (x86)\arcgis\desktop10.5\ArcToolbox\Toolboxes\Data Management Tools.tbx\CalculateField" Date="20190305" Time="135501" Name="" export="">CalculateField FY2018_DSL_Points featureName [siteName] VB #</Process><Process ToolSource="c:\program files (x86)\arcgis\desktop10.5\ArcToolbox\Toolboxes\Data Management Tools.tbx\CalculateField" Date="20190305" Time="135552" Name="" export="">CalculateField FY2018_DSL_Points siteOwnership "TBD" VB #</Process><Process ToolSource="c:\program files (x86)\arcgis\desktop10.5\ArcToolbox\Toolboxes\Data Management Tools.tbx\CalculateField" Date="20190305" Time="143156" Name="" export="">CalculateField FY2018_DSL_Points jointBase "Y" VB #</Process><Process ToolSource="c:\program files (x86)\arcgis\desktop10.5\ArcToolbox\Toolboxes\Data Management Tools.tbx\CalculateField" Date="20190305" Time="143212" Name="" export="">CalculateField FY2018_DSL_Points jointBase "N" VB #</Process><Process ToolSource="c:\program files (x86)\arcgis\desktop10.5\ArcToolbox\Toolboxes\Data Management Tools.tbx\CalculateField" Date="20190308" Time="112426" Name="" export="">CalculateField FY2018_DSL_Points siteOwnership "state" VB #</Process><Process ToolSource="c:\program files (x86)\arcgis\desktop10.5\ArcToolbox\Toolboxes\Data Management Tools.tbx\CalculateField" Date="20190308" Time="130030" Name="" export="">CalculateField FY2018_DSL_Points installationName UCase( [installationName] ) VB #</Process><Process ToolSource="c:\program files (x86)\arcgis\desktop10.5\ArcToolbox\Toolboxes\Data Management Tools.tbx\CalculateField" Date="20190308" Time="130552" Name="" export="">CalculateField FY2018_DSL_Points city !city!.title() PYTHON_9.3 #</Process><Process ToolSource="c:\program files (x86)\arcgis\desktop10.5\ArcToolbox\Toolboxes\Data Management Tools.tbx\CalculateField" Date="20190308" Time="130715" Name="" export="">CalculateField FY2018_DSL_Points stateOrTerritory !stateOrTerritory!.title() PYTHON_9.3 #</Process><Process ToolSource="c:\program files (x86)\arcgis\desktop10.5\ArcToolbox\Toolboxes\Data Management Tools.tbx\CalculateField" Date="20190308" Time="132741" Name="" export="">CalculateField FY2018_DSL_Points country !country!.title() PYTHON_9.3 #</Process><Process ToolSource="c:\program files (x86)\arcgis\desktop10.5\ArcToolbox\Toolboxes\Data Management Tools.tbx\CalculateField" Date="20190308" Time="140027" Name="" export="">CalculateField FY2018_DSL_Points siteName !siteName!.rstrip() PYTHON_9.3 #</Process><Process ToolSource="c:\program files (x86)\arcgis\desktop10.5\ArcToolbox\Toolboxes\Data Management Tools.tbx\CalculateField" Date="20190308" Time="141512" Name="" export="">CalculateField FY2018_DSL_Points featureDescription "No Information Provided" PYTHON_9.3 #</Process><Process ToolSource="c:\program files (x86)\arcgis\desktop10.5\ArcToolbox\Toolboxes\Data Management Tools.tbx\CalculateField" Date="20190308" Time="141718" Name="" export="">CalculateField FY2018_DSL_Points featureName !siteName! PYTHON_9.3 #</Process><Process ToolSource="c:\program files (x86)\arcgis\desktop10.5\ArcToolbox\Toolboxes\Data Management Tools.tbx\CalculateField" Date="20190308" Time="141957" Name="" export="">CalculateField FY2018_DSL_Points mediaId "No Information Provided" PYTHON_9.3 #</Process><Process ToolSource="c:\program files (x86)\arcgis\desktop10.5\ArcToolbox\Toolboxes\Data Management Tools.tbx\CalculateField" Date="20190308" Time="142231" Name="" export="">CalculateField FY2018_DSL_Points metadataId "No Information Provided" PYTHON_9.3 #</Process><Process ToolSource="c:\program files (x86)\arcgis\desktop10.5\ArcToolbox\Toolboxes\Data Management Tools.tbx\CalculateField" Date="20190308" Time="142430" Name="" export="">CalculateField FY2018_DSL_Points siteIdpk "No Information Provided" PYTHON_9.3 #</Process><Process ToolSource="c:\program files (x86)\arcgis\desktop10.4\ArcToolbox\Toolboxes\Data Management Tools.tbx\CalculateField" Date="20190319" Time="162444" Name="" export="">CalculateField FY2018_DSL_Points_MIRTA_01 featureName 'Nellis AFB' PYTHON_9.3 #</Process><Process ToolSource="c:\program files (x86)\arcgis\desktop10.5\ArcToolbox\Toolboxes\Conversion Tools.tbx\FeatureClassToFeatureClass" Date="20190425" Time="094729" Name="" export="">FeatureClassToFeatureClass "\\rsrcnvfs05\ATL_Org_7\bei\4 DISDI_Team\10_Projects\01_MIRTA_Public Data Release Coordination\2019 MIRTA\FY18_MIRTA_for_Mapping\FY18_MIRTA_FINAL_DRAFT_v20190319.gdb\FY2018_DSL_Points_MIRTA_01" "\\rsrcnvfs05\ATL_Org_7\bei\4 DISDI_Team\10_Projects\01_MIRTA_Public Data Release Coordination\2019 MIRTA\Karen_Review\Dataset_Working\FY18_MIRTA.gdb" FY18_MIRTA_Points # "featureDescription "Feature Description" true true false 2147483647 Text 0 0 ,First,#,\\rsrcnvfs05\ATL_Org_7\bei\4 DISDI_Team\10_Projects\01_MIRTA_Public Data Release Coordination\2019 MIRTA\FY18_MIRTA_for_Mapping\FY18_MIRTA_FINAL_DRAFT_v20190319.gdb\FY2018_DSL_Points_MIRTA_01,featureDescription,-1,-1;featureName "Feature Name" true true false 80 Text 0 0 ,First,#,\\rsrcnvfs05\ATL_Org_7\bei\4 DISDI_Team\10_Projects\01_MIRTA_Public Data Release Coordination\2019 MIRTA\FY18_MIRTA_for_Mapping\FY18_MIRTA_FINAL_DRAFT_v20190319.gdb\FY2018_DSL_Points_MIRTA_01,featureName,-1,-1;installationId "Installation Identifier" true true false 11 Text 0 0 ,First,#,\\rsrcnvfs05\ATL_Org_7\bei\4 DISDI_Team\10_Projects\01_MIRTA_Public Data Release Coordination\2019 MIRTA\FY18_MIRTA_for_Mapping\FY18_MIRTA_FINAL_DRAFT_v20190319.gdb\FY2018_DSL_Points_MIRTA_01,installationId,-1,-1;mediaId "Media Identifier" true true false 40 Text 0 0 ,First,#,\\rsrcnvfs05\ATL_Org_7\bei\4 DISDI_Team\10_Projects\01_MIRTA_Public Data Release Coordination\2019 MIRTA\FY18_MIRTA_for_Mapping\FY18_MIRTA_FINAL_DRAFT_v20190319.gdb\FY2018_DSL_Points_MIRTA_01,mediaId,-1,-1;metadataId "Metadata Identifier" true true false 80 Text 0 0 ,First,#,\\rsrcnvfs05\ATL_Org_7\bei\4 DISDI_Team\10_Projects\01_MIRTA_Public Data Release Coordination\2019 MIRTA\FY18_MIRTA_for_Mapping\FY18_MIRTA_FINAL_DRAFT_v20190319.gdb\FY2018_DSL_Points_MIRTA_01,metadataId,-1,-1;rpsuid "Real Property Site Unique Identifier" true true false 4 Long 0 0 ,First,#,\\rsrcnvfs05\ATL_Org_7\bei\4 DISDI_Team\10_Projects\01_MIRTA_Public Data Release Coordination\2019 MIRTA\FY18_MIRTA_for_Mapping\FY18_MIRTA_FINAL_DRAFT_v20190319.gdb\FY2018_DSL_Points_MIRTA_01,rpsuid,-1,-1;sdsId "Globally Unique Identifier" true true false 38 Guid 0 0 ,First,#,\\rsrcnvfs05\ATL_Org_7\bei\4 DISDI_Team\10_Projects\01_MIRTA_Public Data Release Coordination\2019 MIRTA\FY18_MIRTA_for_Mapping\FY18_MIRTA_FINAL_DRAFT_v20190319.gdb\FY2018_DSL_Points_MIRTA_01,sdsId,-1,-1;siteIdpk "Primary Key Identifier" true false false 40 Text 0 0 ,First,#,\\rsrcnvfs05\ATL_Org_7\bei\4 DISDI_Team\10_Projects\01_MIRTA_Public Data Release Coordination\2019 MIRTA\FY18_MIRTA_for_Mapping\FY18_MIRTA_FINAL_DRAFT_v20190319.gdb\FY2018_DSL_Points_MIRTA_01,siteIdpk,-1,-1;siteOwnership "Site Ownership" true true false 17 Text 0 0 ,First,#,\\rsrcnvfs05\ATL_Org_7\bei\4 DISDI_Team\10_Projects\01_MIRTA_Public Data Release Coordination\2019 MIRTA\FY18_MIRTA_for_Mapping\FY18_MIRTA_FINAL_DRAFT_v20190319.gdb\FY2018_DSL_Points_MIRTA_01,siteOwnership,-1,-1;component "component" true true false 15 Text 0 0 ,First,#,\\rsrcnvfs05\ATL_Org_7\bei\4 DISDI_Team\10_Projects\01_MIRTA_Public Data Release Coordination\2019 MIRTA\FY18_MIRTA_for_Mapping\FY18_MIRTA_FINAL_DRAFT_v20190319.gdb\FY2018_DSL_Points_MIRTA_01,component,-1,-1;siteName "siteName" true true false 80 Text 0 0 ,First,#,\\rsrcnvfs05\ATL_Org_7\bei\4 DISDI_Team\10_Projects\01_MIRTA_Public Data Release Coordination\2019 MIRTA\FY18_MIRTA_for_Mapping\FY18_MIRTA_FINAL_DRAFT_v20190319.gdb\FY2018_DSL_Points_MIRTA_01,siteName,-1,-1;siteCode "siteCode" true true false 25 Text 0 0 ,First,#,\\rsrcnvfs05\ATL_Org_7\bei\4 DISDI_Team\10_Projects\01_MIRTA_Public Data Release Coordination\2019 MIRTA\FY18_MIRTA_for_Mapping\FY18_MIRTA_FINAL_DRAFT_v20190319.gdb\FY2018_DSL_Points_MIRTA_01,siteCode,-1,-1;installationName "installationName" true true false 80 Text 0 0 ,First,#,\\rsrcnvfs05\ATL_Org_7\bei\4 DISDI_Team\10_Projects\01_MIRTA_Public Data Release Coordination\2019 MIRTA\FY18_MIRTA_for_Mapping\FY18_MIRTA_FINAL_DRAFT_v20190319.gdb\FY2018_DSL_Points_MIRTA_01,installationName,-1,-1;parent "parent" true true false 3 Text 0 0 ,First,#,\\rsrcnvfs05\ATL_Org_7\bei\4 DISDI_Team\10_Projects\01_MIRTA_Public Data Release Coordination\2019 MIRTA\FY18_MIRTA_for_Mapping\FY18_MIRTA_FINAL_DRAFT_v20190319.gdb\FY2018_DSL_Points_MIRTA_01,parent,-1,-1;city "city" true true false 50 Text 0 0 ,First,#,\\rsrcnvfs05\ATL_Org_7\bei\4 DISDI_Team\10_Projects\01_MIRTA_Public Data Release Coordination\2019 MIRTA\FY18_MIRTA_for_Mapping\FY18_MIRTA_FINAL_DRAFT_v20190319.gdb\FY2018_DSL_Points_MIRTA_01,city,-1,-1;stateOrTerritory "stateOrTerritory" true true false 50 Text 0 0 ,First,#,\\rsrcnvfs05\ATL_Org_7\bei\4 DISDI_Team\10_Projects\01_MIRTA_Public Data Release Coordination\2019 MIRTA\FY18_MIRTA_for_Mapping\FY18_MIRTA_FINAL_DRAFT_v20190319.gdb\FY2018_DSL_Points_MIRTA_01,stateOrTerritory,-1,-1;bracSite "bracSite" true true false 3 Text 0 0 ,First,#,\\rsrcnvfs05\ATL_Org_7\bei\4 DISDI_Team\10_Projects\01_MIRTA_Public Data Release Coordination\2019 MIRTA\FY18_MIRTA_for_Mapping\FY18_MIRTA_FINAL_DRAFT_v20190319.gdb\FY2018_DSL_Points_MIRTA_01,bracSite,-1,-1;ownershipFedState "ownershipFedState" true true false 10 Text 0 0 ,First,#,\\rsrcnvfs05\ATL_Org_7\bei\4 DISDI_Team\10_Projects\01_MIRTA_Public Data Release Coordination\2019 MIRTA\FY18_MIRTA_for_Mapping\FY18_MIRTA_FINAL_DRAFT_v20190319.gdb\FY2018_DSL_Points_MIRTA_01,ownershipFedState,-1,-1;country "country" true true false 35 Text 0 0 ,First,#,\\rsrcnvfs05\ATL_Org_7\bei\4 DISDI_Team\10_Projects\01_MIRTA_Public Data Release Coordination\2019 MIRTA\FY18_MIRTA_for_Mapping\FY18_MIRTA_FINAL_DRAFT_v20190319.gdb\FY2018_DSL_Points_MIRTA_01,country,-1,-1;siteOperationalStatus "siteOperationalStatus" true true false 50 Text 0 0 ,First,#,\\rsrcnvfs05\ATL_Org_7\bei\4 DISDI_Team\10_Projects\01_MIRTA_Public Data Release Coordination\2019 MIRTA\FY18_MIRTA_for_Mapping\FY18_MIRTA_FINAL_DRAFT_v20190319.gdb\FY2018_DSL_Points_MIRTA_01,siteOperationalStatus,-1,-1;Latitude "Latitude" true true false 8 Double 0 0 ,First,#,\\rsrcnvfs05\ATL_Org_7\bei\4 DISDI_Team\10_Projects\01_MIRTA_Public Data Release Coordination\2019 MIRTA\FY18_MIRTA_for_Mapping\FY18_MIRTA_FINAL_DRAFT_v20190319.gdb\FY2018_DSL_Points_MIRTA_01,Latitude,-1,-1;Longitude "Longitude" true true false 8 Double 0 0 ,First,#,\\rsrcnvfs05\ATL_Org_7\bei\4 DISDI_Team\10_Projects\01_MIRTA_Public Data Release Coordination\2019 MIRTA\FY18_MIRTA_for_Mapping\FY18_MIRTA_FINAL_DRAFT_v20190319.gdb\FY2018_DSL_Points_MIRTA_01,Longitude,-1,-1;jointBase "jointBase" true true false 3 Text 0 0 ,First,#,\\rsrcnvfs05\ATL_Org_7\bei\4 DISDI_Team\10_Projects\01_MIRTA_Public Data Release Coordination\2019 MIRTA\FY18_MIRTA_for_Mapping\FY18_MIRTA_FINAL_DRAFT_v20190319.gdb\FY2018_DSL_Points_MIRTA_01,jointBase,-1,-1;IN_BSR "IN_BSR" true true false 5 Text 0 0 ,First,#,\\rsrcnvfs05\ATL_Org_7\bei\4 DISDI_Team\10_Projects\01_MIRTA_Public Data Release Coordination\2019 MIRTA\FY18_MIRTA_for_Mapping\FY18_MIRTA_FINAL_DRAFT_v20190319.gdb\FY2018_DSL_Points_MIRTA_01,IN_BSR,-1,-1" #</Process><Process ToolSource="c:\program files (x86)\arcgis\desktop10.5\ArcToolbox\Toolboxes\Data Management Tools.tbx\CalculateField" Date="20190520" Time="124014" Name="" export="">CalculateField FY18_MIRTA_Points siteName [featureName] VB #</Process><Process ToolSource="c:\program files (x86)\arcgis\desktop10.5\ArcToolbox\Toolboxes\Data Management Tools.tbx\CalculateField" Date="20190520" Time="132741" Name="" export="">CalculateField FY18_MIRTA_Points component2 [component] VB #</Process><Process ToolSource="c:\program files (x86)\arcgis\desktop10.5\ArcToolbox\Toolboxes\Data Management Tools.tbx\CalculateField" Date="20190520" Time="133219" Name="" export="">CalculateField FY18_MIRTA_Points COMPONENT [component2] VB #</Process><Process ToolSource="c:\program files (x86)\arcgis\desktop10.5\ArcToolbox\Toolboxes\Data Management Tools.tbx\CalculateField" Date="20190520" Time="133233" Name="" export="">CalculateField FY18_MIRTA_Points SITE_NAME [siteName] VB #</Process><Process ToolSource="c:\program files (x86)\arcgis\desktop10.5\ArcToolbox\Toolboxes\Data Management Tools.tbx\CalculateField" Date="20190520" Time="133256" Name="" export="">CalculateField FY18_MIRTA_Points STATE_TERR [stateOrTerritory] VB #</Process><Process ToolSource="c:\program files (x86)\arcgis\desktop10.5\ArcToolbox\Toolboxes\Data Management Tools.tbx\CalculateField" Date="20190520" Time="134338" Name="" export="">CalculateField FY18_MIRTA_Points JOINT_BASE "Joint Region Marianas" VB #</Process><Process ToolSource="c:\program files (x86)\arcgis\desktop10.5\ArcToolbox\Toolboxes\Data Management Tools.tbx\CalculateField" Date="20190520" Time="134520" Name="" export="">CalculateField FY18_MIRTA_Points OPER_STAT "Active" VB #</Process><Process ToolSource="c:\program files (x86)\arcgis\desktop10.5\ArcToolbox\Toolboxes\Data Management Tools.tbx\CalculateField" Date="20190520" Time="134921" Name="" export="">CalculateField FY18_MIRTA_Points COUNTRY "United States" VB #</Process><Process ToolSource="c:\program files (x86)\arcgis\desktop10.5\ArcToolbox\Toolboxes\Data Management Tools.tbx\CalculateField" Date="20190520" Time="134942" Name="" export="">CalculateField FY18_MIRTA_Points COUNTRY "Guam" VB #</Process><Process ToolSource="c:\program files (x86)\arcgis\desktop10.5\ArcToolbox\Toolboxes\Data Management Tools.tbx\CalculateField" Date="20190520" Time="135025" Name="" export="">CalculateField FY18_MIRTA_Points COUNTRY "Puerto Rico" VB #</Process><Process ToolSource="c:\program files (x86)\arcgis\desktop10.5\ArcToolbox\Toolboxes\Data Management Tools.tbx\CalculateField" Date="20190520" Time="144303" Name="" export="">CalculateField FY18_MIRTA_Points OPER_STAT "Active" VB #</Process><Process ToolSource="c:\program files (x86)\arcgis\desktop10.5\ArcToolbox\Toolboxes\Data Management Tools.tbx\CalculateField" Date="20190520" Time="144324" Name="" export="">CalculateField FY18_MIRTA_Points OPER_STAT "Inactive" VB #</Process><Process ToolSource="c:\program files (x86)\arcgis\desktop10.5\ArcToolbox\Toolboxes\Data Management Tools.tbx\CalculateField" Date="20190520" Time="145953" Name="" export="">CalculateField FY18_MIRTA_Points JOINT_BASE "N/A" VB #</Process></lineage><itemProps><itemLocation><linkage Sync="TRUE">file://\\rsrcnvfs05\ATL_Org_7\bei\4 DISDI_Team\10_Projects\01_MIRTA_Public Data Release Coordination\2019 MIRTA\01_FY18_MIRTA_FINAL\FY18_MIRTA_Points.shp</linkage><protocol Sync="TRUE">Local Area Network</protocol></itemLocation><itemName Sync="TRUE">FY18_MIRTA_Points</itemName><nativeExtBox><westBL Sync="TRUE">-161.767465</westBL><eastBL Sync="TRUE">174.107140</eastBL><southBL Sync="TRUE">13.310684</southBL><northBL Sync="TRUE">71.318213</northBL><exTypeCode Sync="TRUE">1</exTypeCode></nativeExtBox><imsContentType Sync="TRUE" export="False">002</imsContentType><itemSize Sync="TRUE">0.022</itemSize></itemProps><coordRef><type Sync="TRUE">Geographic</type><geogcsn Sync="TRUE">GCS_WGS_1984</geogcsn><csUnits Sync="TRUE">Angular Unit: Degree (0.017453)</csUnits><peXml Sync="TRUE">&lt;GeographicCoordinateSystem xsi:type='typens:GeographicCoordinateSystem' xmlns:xsi='http://www.w3.org/2001/XMLSchema-instance' xmlns:xs='http://www.w3.org/2001/XMLSchema' xmlns:typens='http://www.esri.com/schemas/ArcGIS/10.5'&gt;&lt;WKT&gt;GEOGCS[&amp;quot;GCS_WGS_1984&amp;quot;,DATUM[&amp;quot;D_WGS_1984&amp;quot;,SPHEROID[&amp;quot;WGS_1984&amp;quot;,6378137.0,298.257223563]],PRIMEM[&amp;quot;Greenwich&amp;quot;,0.0],UNIT[&amp;quot;Degree&amp;quot;,0.0174532925199433],AUTHORITY[&amp;quot;EPSG&amp;quot;,4326]]&lt;/WKT&gt;&lt;XOrigin&gt;-400&lt;/XOrigin&gt;&lt;YOrigin&gt;-400&lt;/YOrigin&gt;&lt;XYScale&gt;11258999068426.238&lt;/XYScale&gt;&lt;ZOrigin&gt;-100000&lt;/ZOrigin&gt;&lt;ZScale&gt;10000&lt;/ZScale&gt;&lt;MOrigin&gt;-100000&lt;/MOrigin&gt;&lt;MScale&gt;10000&lt;/MScale&gt;&lt;XYTolerance&gt;8.983152841195215e-009&lt;/XYTolerance&gt;&lt;ZTolerance&gt;0.001&lt;/ZTolerance&gt;&lt;MTolerance&gt;0.001&lt;/MTolerance&gt;&lt;HighPrecision&gt;true&lt;/HighPrecision&gt;&lt;LeftLongitude&gt;-180&lt;/LeftLongitude&gt;&lt;WKID&gt;4326&lt;/WKID&gt;&lt;LatestWKID&gt;4326&lt;/LatestWKID&gt;&lt;/GeographicCoordinateSystem&gt;</peXml></coordRef></DataProperties><SyncDate>20190521</SyncDate><SyncTime>10450000</SyncTime><ModDate>20190521</ModDate><ModTime>10450000</ModTime><scaleRange><minScale>150000000</minScale><maxScale>5000</maxScale></scaleRange><ArcGISProfile>SDSFIE-M</ArcGISProfile></Esri><mdLang><languageCode value="eng"/><countryCode value="USA" Sync="TRUE"/></mdLang><mdChar><CharSetCd value="004"/></mdChar><mdHrLv><ScopeCd value="005"/></mdHrLv><mdContact xmlns=""><rpIndName>The DISDI Program</rpIndName><rpOrgName>Office of the Assistant Secretary of Defense for Sustainment</rpOrgName><rpPosName>Custodian</rpPosName><role><RoleCd value="007"/></role><displayName>The DISDI Program</displayName></mdContact><mdStanName>ArcGIS Metadata</mdStanName><mdStanVer>1.0</mdStanVer><distInfo xmlns=""><distFormat xmlns=""><formatVer>ArcGIS 10.5</formatVer><formatName Sync="TRUE">Shapefile</formatName></distFormat><distTranOps xmlns=""><onLineSrc xmlns=""><linkage>http://www.acq.osd.mil/ie/bei/disdi.shtml</linkage></onLineSrc><transSize Sync="TRUE">0.022</transSize></distTranOps><distributor xmlns=""><distorCont xmlns=""><rpIndName>The DISDI Program</rpIndName><rpOrgName>Office of the Assistant Secretary of Defense for Sustainment</rpOrgName><rpPosName>Custodian</rpPosName><role><RoleCd value="007"/></role><displayName>The DISDI Program</displayName></distorCont><distorOrdPrc xmlns=""><resFees units="">None</resFees><ordInstr>Visit https://www.acq.osd.mil/eie/Downloads/DISDI/installations_ranges.zip to download a copy of the data.</ordInstr><ordTurn>Data is downloadable and turnaround will vary by user.</ordTurn></distorOrdPrc></distributor></distInfo><dataIdInfo><idCitation xmlns=""><presForm xmlns=""><fgdcGeoform>vector digital data</fgdcGeoform><PresFormCd value="005" Sync="TRUE"/></presForm><citRespParty xmlns=""><rpIndName>The DISDI Program</rpIndName><rpOrgName>Office of the Assistant Secretary of Defense for Sustainment</rpOrgName><rpPosName>Custodian</rpPosName><role><RoleCd value="007"/></role></citRespParty><date><createDate>2019-05-20T00:00:00</createDate><pubDate>2019-05-20T00:00:00</pubDate><reviseDate>2019-05-20T00:00:00</reviseDate></date><resTitle Sync="TRUE">FY18_MIRTA_Points</resTitle><resEd>FY 2018</resEd></idCitation><idPurp>This geospatial dataset contains the authoritative point locations and (where available) boundaries of Department of Defense sites, commonly referred to as installations, ranges, training areas, bases, forts, camps, armories, centers, etc. These installations are, in many cases, comprised of a number of subordinate sites. This list does not necessarily represent a comprehensive collection of all Department of Defense facilities, and only those reported in the Fiscal Year 2018 Base Structure Report (BSR)  were considered for inclusion. Points are placed either at the center of each site or near the center of the most actively used portion of the site. Boundaries encompass federally owned or otherwise managed lands, as defined in the BSR.  The point and boundary location datasets are intended for planning purposes only, and do not represent the legal or surveyed land parcel boundaries.  Please use the release notes and metadata to validate whether this dataset is suitable for your intended use.</idPurp><idAbs>&lt;DIV STYLE="text-align:Left;"&gt;&lt;DIV&gt;&lt;DIV&gt;&lt;P&gt;&lt;SPAN&gt;The dataset depicts the authoritative locations of the most commonly known Department of Defense (DoD) sites, installations, ranges, and training areas world-wide. These sites encompass land which is federally owned or otherwise managed. This dataset was created from source data provided by the four Military Service Component headquarters and was compiled by the Defense Installation Spatial Data Infrastructure (DISDI) Program within the Office of the Assistant Secretary of Defense for Sustainment. Sites were selected from the FY 2018 Base Structure Report (BSR), a summary of the DoD Real Property Inventory. This list does not necessarily represent a comprehensive collection of all Department of Defense facilities. For inventory purposes, installations are comprised of sites, where a site is defined as a specific geographic location of federally owned or managed land and is assigned to military installation. DoD installations are commonly referred to as a base, camp, post, station, yard, center, homeport facility for any ship, or other activity under the jurisdiction, custody, control of the DoD.&lt;/SPAN&gt;&lt;/P&gt;&lt;P&gt;&lt;SPAN&gt;While every attempt has been made to provide the best available data quality, this data set is intended for use at mapping scales between 1:50,000 and 1:3,000,000. For this reason, boundaries in this data set may not perfectly align with DoD site boundaries depicted in other federal data sources. Maps produced at a scale of 1:50,000 or smaller which otherwise comply with National Map Accuracy Standards, will remain compliant when this data is incorporated. Boundary data is most suitable for larger scale maps; point locations are better suited for mapping scales between 1:250,000 and 1:3,000,000.&lt;/SPAN&gt;&lt;/P&gt;&lt;P&gt;&lt;SPAN&gt;If a site is part of a Joint Base (effective/designated on 1 October, 2010) as required under the 2005 Base Realignment and Closure process, it is attributed with the name of the Joint Base. All sites comprising a Joint Base are also attributed to the responsible DoD Component, which is not necessarily the original Component responsible for the site.&lt;/SPAN&gt;&lt;/P&gt;&lt;P&gt;&lt;SPAN /&gt;&lt;/P&gt;&lt;/DIV&gt;&lt;/DIV&gt;&lt;/DIV&gt;</idAbs><searchKeys><keyword>intelligenceMilitary</keyword></searchKeys><resConst><Consts><useLimit>&lt;DIV STYLE="text-align:Left;"&gt;&lt;DIV&gt;&lt;DIV&gt;&lt;DIV STYLE="font-size:12pt"&gt;&lt;P&gt;&lt;SPAN&gt;Preferred use citation: "Although these data have been provided by the DoD Components, no warranty expressed or implied is made regarding the utility of the data on any other system, in derived products or data alterations, nor shall the act of distribution constitute and such warranty."&lt;/SPAN&gt;&lt;/P&gt;&lt;P&gt;&lt;SPAN /&gt;&lt;/P&gt;&lt;/DIV&gt;&lt;/DIV&gt;&lt;/DIV&gt;&lt;/DIV&gt;</useLimit></Consts></resConst><dataChar><CharSetCd value="004"/></dataChar><idPoC xmlns=""><rpIndName>The DISDI Program</rpIndName><rpOrgName>Office of the Assistant Secretary of Defense for Sustainment</rpOrgName><rpPosName>Custodian</rpPosName><role><RoleCd value="007"/></role><displayName>The DISDI Program</displayName></idPoC><resMaint xmlns=""><maintFreq><MaintFreqCd value="008"/></maintFreq><dateNext>2019-05-20T00:00:00</dateNext><maintCont xmlns=""><rpIndName>The DISDI Program</rpIndName><rpOrgName>Office of the Assistant Secretary of Defense for Sustainment</rpOrgName><rpPosName>Custodian</rpPosName><role><RoleCd value="007"/></role><displayName>The DISDI Program</displayName></maintCont></resMaint><resConst><LegConsts xmlns=""><useLimit>See access and use constraints information.</useLimit></LegConsts></resConst><resConst><SecConsts xmlns=""><class><ClasscationCd value="001"/></class><classSys>US CAPCO</classSys><sdsDistributionStatements xmlns=""><DistributionStatement value="DoD-Dist-A"/></sdsDistributionStatements><sdsOwnerProducer xmlns=""><OwnerProducer value="USA"/></sdsOwnerProducer><useLimit>Preferred use citation: "This data was accessed by the user at data.gov. Although these data have been provided by the DoD Components, no warranty expressed or implied is made regarding the utility of the data on any other system, in derived products or data alterations, nor shall the act of distribution constitute and such warranty."</useLimit></SecConsts></resConst><idStatus><ProgCd value="completed"/></idStatus><envirDesc Sync="TRUE"> Version 6.2 (Build 9200) ; Esri ArcGIS 10.5.0.6491</envirDesc><dataLang><languageCode value="eng" Sync="TRUE"/><countryCode value="USA" Sync="TRUE"/></dataLang><spatRpType><SpatRepTypCd value="001" Sync="TRUE"/></spatRpType><dataExt xmlns=""><geoEle xmlns=""><GeoBndBox esriExtentType="search"><exTypeCode Sync="TRUE">1</exTypeCode><westBL Sync="TRUE">-161.767465</westBL><eastBL Sync="TRUE">174.107140</eastBL><northBL Sync="TRUE">71.318213</northBL><southBL Sync="TRUE">13.310684</southBL></GeoBndBox></geoEle></dataExt><tpCat><TopicCatCd value="011"/></tpCat></dataIdInfo><mdMaint xmlns=""><maintFreq><MaintFreqCd value="008"/></maintFreq><dateNext>2019-05-20T00:00:00</dateNext><maintCont xmlns=""><rpIndName>The DISDI Program</rpIndName><rpOrgName>Office of the Assistant Secretary of Defense for Sustainment</rpOrgName><rpPosName>Custodian</rpPosName><role><RoleCd value="007"/></role><displayName>The DISDI Program</displayName></maintCont></mdMaint><mdConst><SecConsts xmlns=""><class><ClasscationCd value="001"/></class><classSys>US CAPCO</classSys><sdsDistributionStatements xmlns=""><DistributionStatement value="DoD-Dist-A"/></sdsDistributionStatements><sdsOwnerProducer xmlns=""><OwnerProducer value="USA"/></sdsOwnerProducer><useLimit>None</useLimit></SecConsts></mdConst><refSysInfo><RefSystem dimension=""><refSysID xmlns=""><identAuth xmlns=""><resTitle>European Petroleum Survey Group</resTitle><date><pubDate>2012-05-26T00:00:00</pubDate></date></identAuth><identCode code="4326" Sync="TRUE"/><idCodeSpace Sync="TRUE">EPSG</idCodeSpace><idVersion Sync="TRUE">6.14(3.0.1)</idVersion></refSysID></RefSystem></refSysInfo><eainfo><detailed Name="FY18_MIRTA_Points" xmlns=""><enttyp><enttypl Sync="TRUE">FY18_MIRTA_Points</enttypl><enttypt Sync="TRUE">Feature Class</enttypt><enttypc Sync="TRUE">813</enttypc><enttypd>Authoritative point locations of Department of Defense sites, commonly referred to as installations, ranges, training areas, bases, forts, camps, armories, center, etc.</enttypd><enttypds>DISDI Program</enttypds></enttyp><attr xmlns=""><attrlabl Sync="TRUE">FID</attrlabl><attalias Sync="TRUE">FID</attalias><attrtype Sync="TRUE">OID</attrtype><attwidth Sync="TRUE">4</attwidth><atprecis Sync="TRUE">0</atprecis><attscale Sync="TRUE">0</attscale><attrdef Sync="TRUE">Internal feature number.</attrdef><attrdefs Sync="TRUE">Esri</attrdefs><attrdomv><udom Sync="TRUE">Sequential unique whole numbers that are automatically generated.</udom></attrdomv></attr><attr xmlns=""><attrlabl Sync="TRUE">OBJECTID</attrlabl><attalias Sync="TRUE">OBJECTID</attalias><attrtype Sync="TRUE">Integer</attrtype><attwidth Sync="TRUE">10</attwidth><atprecis Sync="TRUE">10</atprecis><attscale Sync="TRUE">0</attscale><attrdef Sync="TRUE">Internal feature number.</attrdef><attrdefs Sync="TRUE">Esri</attrdefs><attrdomv><udom Sync="TRUE">Sequential unique whole numbers that are automatically generated.</udom></attrdomv></attr><attr xmlns=""><attrlabl Sync="TRUE">Shape</attrlabl><attalias Sync="TRUE">Shape</attalias><attrtype Sync="TRUE">Geometry</attrtype><attwidth Sync="TRUE">0</attwidth><atprecis Sync="TRUE">0</atprecis><attscale Sync="TRUE">0</attscale><attrdef Sync="TRUE">Feature geometry.</attrdef><attrdefs Sync="TRUE">Esri</attrdefs><attrdomv><udom Sync="TRUE">Coordinates defining the features.</udom></attrdomv></attr><attr xmlns=""><attrlabl Sync="TRUE">COMPONENT</attrlabl><attalias Sync="TRUE">COMPONENT</attalias><attrtype Sync="TRUE">String</attrtype><attwidth Sync="TRUE">15</attwidth><atprecis Sync="TRUE">0</atprecis><attscale Sync="TRUE">0</attscale><attrdef>Designates the primary DoD Component which is the owner/reporter of a site.</attrdef><attrdefs>DISDI Program</attrdefs><attrdomv><udom>String indicating the Component.  Examples include AF Active or MC Reserve.</udom></attrdomv></attr><attr xmlns=""><attrlabl Sync="TRUE">SITE_NAME</attrlabl><attalias Sync="TRUE">SITE_NAME</attalias><attrtype Sync="TRUE">String</attrtype><attwidth Sync="TRUE">80</attwidth><atprecis Sync="TRUE">0</atprecis><attscale Sync="TRUE">0</attscale><attrdef>Name of the physical (geographic) location that is managed by a DoD Component.</attrdef><attrdefs>DISDI Program</attrdefs><attrdomv><udom>String indicating the name of the site.  Examples include Fort Stewart or Langley AFB, etc.</udom></attrdomv></attr><attr xmlns=""><attrlabl Sync="TRUE">JOINT_BASE</attrlabl><attalias Sync="TRUE">JOINT_BASE</attalias><attrtype Sync="TRUE">String</attrtype><attwidth Sync="TRUE">100</attwidth><atprecis Sync="TRUE">0</atprecis><attscale Sync="TRUE">0</attscale><attrdef>Identifies sites comprising a Joint Base, if applicable.</attrdef><attrdefs>DISDI Program</attrdefs><attrdomv><udom>String indicating the Joint Base Name of a site, if applicable.  Examples include Joint Base Myer - Henderson Hall or Joint Region Marianas.</udom></attrdomv></attr><attr xmlns=""><attrlabl Sync="TRUE">STATE_TERR</attrlabl><attalias Sync="TRUE">STATE_TERR</attalias><attrtype Sync="TRUE">String</attrtype><attwidth Sync="TRUE">50</attwidth><atprecis Sync="TRUE">0</atprecis><attscale Sync="TRUE">0</attscale><attrdef>State or territory in which the site is located</attrdef><attrdefs>DISDI Program</attrdefs><attrdomv><udom>String indicating the state where the site is located.</udom></attrdomv></attr><attr xmlns=""><attrlabl Sync="TRUE">COUNTRY</attrlabl><attalias Sync="TRUE">COUNTRY</attalias><attrtype Sync="TRUE">String</attrtype><attwidth Sync="TRUE">50</attwidth><atprecis Sync="TRUE">0</atprecis><attscale Sync="TRUE">0</attscale><attrdef>Country in which the DoD site is located</attrdef><attrdefs>DISDI Program</attrdefs><attrdomv><udom>String indicating the country where the site is located.</udom></attrdomv></attr><attr xmlns=""><attrlabl Sync="TRUE">OPER_STAT</attrlabl><attalias Sync="TRUE">OPER_STAT</attalias><attrtype Sync="TRUE">String</attrtype><attwidth Sync="TRUE">15</attwidth><atprecis Sync="TRUE">0</atprecis><attscale Sync="TRUE">0</attscale><attrdef>Indicates whether the site currently has an on-going operational/support mission(s).</attrdef><attrdefs>DISDI Program</attrdefs><attrdomv><udom>String indicating "active" or "inactive"</udom></attrdomv></attr></detailed></eainfo><mdHrLvName Sync="TRUE">dataset</mdHrLvName><spatRepInfo><VectSpatRep><geometObjs Name="FY18_MIRTA_Points"><geoObjTyp><GeoObjTypCd value="004" Sync="TRUE"></GeoObjTypCd></geoObjTyp><geoObjCnt Sync="TRUE">813</geoObjCnt></geometObjs><topLvl><TopoLevCd value="001" Sync="TRUE"></TopoLevCd></topLvl></VectSpatRep></spatRepInfo><spdoinfo><ptvctinf><esriterm Name="FY18_MIRTA_Points"><efeatyp Sync="TRUE">Simple</efeatyp><efeageom code="1" Sync="TRUE"></efeageom><esritopo Sync="TRUE">FALSE</esritopo><efeacnt Sync="TRUE">813</efeacnt><spindex Sync="TRUE">TRUE</spindex><linrefer Sync="TRUE">FALSE</linrefer></esriterm></ptvctinf></spdoinfo><mdDateSt Sync="TRUE">20190521</mdDateSt><mdFileID>85C0639D-5451-400D-B16D-1B91D2441924</mdFileID><mdConst><LegConsts xmlns=""><useLimit>None</useLimit></LegConsts></mdConst><dqInfo xmlns=""><dqScope><scpLvl><ScopeCd value="005"/></scpLvl></dqScope><dataLineage><statement>The dataset depicts the authoritative locations of the most commonly known Department of Defense (DoD) sites, installations, ranges, and training areas world-wide. These sites encompass land which is federally owned or otherwise managed. This dataset was created from source data provided by the four Military Service Component headquarters and was compiled by the Defense Installation Spatial Data Infrastructure (DISDI) Program within the Office of the Assistant Secretary of Defense for Sustainment. Sites were selected from the FY 2018 Base Structure Report (BSR), a summary of the DoD Real Property Inventory. </statement></dataLineage></dqInfo></metadata>
