<metadata xml:lang="en"><Esri><CreaDate>20190520</CreaDate><CreaTime>16030300</CreaTime><ArcGISFormat>1.0</ArcGISFormat><SyncOnce>FALSE</SyncOnce><DataProperties><lineage><Process ToolSource="c:\program files (x86)\arcgis\desktop10.5\ArcToolbox\Toolboxes\Data Management Tools.tbx\CalculateField" Date="20190215" Time="153916" Name="" export="">CalculateField FY2017_DSL_Boundaries rpsuid [RPSUID_DISDI] VB #</Process><Process ToolSource="c:\program files (x86)\arcgis\desktop10.5\ArcToolbox\Toolboxes\Data Management Tools.tbx\CalculateField" Date="20190218" Time="201238" Name="" export="">CalculateField FY2017_DSL_Boundaries1 SiteNote "site point missing?" VB #</Process><Process ToolSource="c:\program files (x86)\arcgis\desktop10.5\ArcToolbox\Toolboxes\Data Management Tools.tbx\CalculateField" Date="20190227" Time="093505" Name="" export="">CalculateField FY2018_DSL_Boundaries SubmittedBy "USN" VB #</Process><Process ToolSource="c:\program files (x86)\arcgis\desktop10.5\ArcToolbox\Toolboxes\Data Management Tools.tbx\CalculateField" Date="20190301" Time="161349" Name="" export="">CalculateField FY2018_DSL_Boundaries SubmittedBy "LastYrs" VB #</Process><Process ToolSource="c:\program files (x86)\arcgis\desktop10.5\ArcToolbox\Toolboxes\Data Management Tools.tbx\CalculateField" Date="20190302" Time="145209" Name="" export="">CalculateField FY2018_DSL_Boundaries SubmittedBy "LastYrs" VB #</Process><Process ToolSource="c:\program files (x86)\arcgis\desktop10.5\ArcToolbox\Toolboxes\Data Management Tools.tbx\CalculateField" Date="20190303" Time="202928" Name="" export="">CalculateField FY2018_DSL_Boundaries StaceyNote "update w/ correct rpad data" VB #</Process><Process ToolSource="c:\program files (x86)\arcgis\desktop10.5\ArcToolbox\Toolboxes\Data Management Tools.tbx\CalculateField" Date="20190303" Time="204226" Name="" export="">CalculateField FY2018_DSL_Boundaries bracSite "Yes" VB #</Process><Process ToolSource="c:\program files (x86)\arcgis\desktop10.5\ArcToolbox\Toolboxes\Data Management Tools.tbx\CalculateField" Date="20190308" Time="135909" Name="" export="">CalculateField FY2018_DSL_Boundaries country !country!.title() PYTHON_9.3 #</Process><Process ToolSource="c:\program files (x86)\arcgis\desktop10.5\ArcToolbox\Toolboxes\Data Management Tools.tbx\CalculateField" Date="20190308" Time="135946" Name="" export="">CalculateField FY2018_DSL_Boundaries siteName !siteName!.rstrip() PYTHON_9.3 #</Process><Process ToolSource="c:\program files (x86)\arcgis\desktop10.5\ArcToolbox\Toolboxes\Data Management Tools.tbx\CalculateField" Date="20190308" Time="140301" Name="" export="">CalculateField FY2018_DSL_Boundaries jointBase "N" PYTHON_9.3 #</Process><Process ToolSource="c:\program files (x86)\arcgis\desktop10.5\ArcToolbox\Toolboxes\Data Management Tools.tbx\CalculateField" Date="20190308" Time="140352" Name="" export="">CalculateField FY2018_DSL_Boundaries jointBase "Y" PYTHON_9.3 #</Process><Process ToolSource="c:\program files (x86)\arcgis\desktop10.5\ArcToolbox\Toolboxes\Data Management Tools.tbx\CalculateField" Date="20190308" Time="140740" Name="" export="">CalculateField FY2018_DSL_Boundaries featureDescription "No Information Provided" PYTHON_9.3 #</Process><Process ToolSource="c:\program files (x86)\arcgis\desktop10.5\ArcToolbox\Toolboxes\Data Management Tools.tbx\CalculateField" Date="20190308" Time="140800" Name="" export="">CalculateField FY2018_DSL_Boundaries featureName !siteName! PYTHON_9.3 #</Process><Process ToolSource="c:\program files (x86)\arcgis\desktop10.5\ArcToolbox\Toolboxes\Data Management Tools.tbx\CalculateField" Date="20190308" Time="140857" Name="" export="">CalculateField FY2018_DSL_Boundaries mediaId "No Information Provided" PYTHON_9.3 #</Process><Process ToolSource="c:\program files (x86)\arcgis\desktop10.5\ArcToolbox\Toolboxes\Data Management Tools.tbx\CalculateField" Date="20190308" Time="140906" Name="" export="">CalculateField FY2018_DSL_Boundaries metadataId "No Information Provided" PYTHON_9.3 #</Process><Process ToolSource="c:\program files (x86)\arcgis\desktop10.5\ArcToolbox\Toolboxes\Data Management Tools.tbx\CalculateField" Date="20190308" Time="141158" Name="" export="">CalculateField FY2018_DSL_Boundaries siteIdpk "No Information Provided" PYTHON_9.3 #</Process><Process ToolSource="c:\program files (x86)\arcgis\desktop10.5\ArcToolbox\Toolboxes\Conversion Tools.tbx\FeatureClassToFeatureClass" Date="20190425" Time="094150" Name="" export="">FeatureClassToFeatureClass "\\rsrcnvfs05\ATL_Org_7\bei\4 DISDI_Team\11_Data\02_DISDI_CIP\DISDI_CIP_FY2018\Site_Processing\Site_FINAL_20190423\DefenseSiteLocations_FY18_FINAL_20190423.gdb\FY2018_DSL_Boundaries" "\\rsrcnvfs05\ATL_Org_7\bei\4 DISDI_Team\10_Projects\01_MIRTA_Public Data Release Coordination\2019 MIRTA\Karen_Review\Dataset_Working\FY18_MIRTA.gdb" FY18_MIRTA_Boundaries # "featureDescription "Feature Description" true true false 2147483647 Text 0 0 ,First,#,\\rsrcnvfs05\ATL_Org_7\bei\4 DISDI_Team\11_Data\02_DISDI_CIP\DISDI_CIP_FY2018\Site_Processing\Site_FINAL_20190423\DefenseSiteLocations_FY18_FINAL_20190423.gdb\FY2018_DSL_Boundaries,featureDescription,-1,-1;featureName "Feature Name" true true false 80 Text 0 0 ,First,#,\\rsrcnvfs05\ATL_Org_7\bei\4 DISDI_Team\11_Data\02_DISDI_CIP\DISDI_CIP_FY2018\Site_Processing\Site_FINAL_20190423\DefenseSiteLocations_FY18_FINAL_20190423.gdb\FY2018_DSL_Boundaries,featureName,-1,-1;installationId "Installation Identifier" true true false 11 Text 0 0 ,First,#,\\rsrcnvfs05\ATL_Org_7\bei\4 DISDI_Team\11_Data\02_DISDI_CIP\DISDI_CIP_FY2018\Site_Processing\Site_FINAL_20190423\DefenseSiteLocations_FY18_FINAL_20190423.gdb\FY2018_DSL_Boundaries,installationId,-1,-1;mediaId "Media Identifier" true true false 40 Text 0 0 ,First,#,\\rsrcnvfs05\ATL_Org_7\bei\4 DISDI_Team\11_Data\02_DISDI_CIP\DISDI_CIP_FY2018\Site_Processing\Site_FINAL_20190423\DefenseSiteLocations_FY18_FINAL_20190423.gdb\FY2018_DSL_Boundaries,mediaId,-1,-1;metadataId "Metadata Identifier" true true false 80 Text 0 0 ,First,#,\\rsrcnvfs05\ATL_Org_7\bei\4 DISDI_Team\11_Data\02_DISDI_CIP\DISDI_CIP_FY2018\Site_Processing\Site_FINAL_20190423\DefenseSiteLocations_FY18_FINAL_20190423.gdb\FY2018_DSL_Boundaries,metadataId,-1,-1;rpsuid "Real Property Site Unique Identifier" true true false 4 Long 0 0 ,First,#,\\rsrcnvfs05\ATL_Org_7\bei\4 DISDI_Team\11_Data\02_DISDI_CIP\DISDI_CIP_FY2018\Site_Processing\Site_FINAL_20190423\DefenseSiteLocations_FY18_FINAL_20190423.gdb\FY2018_DSL_Boundaries,rpsuid,-1,-1;sdsId "Globally Unique Identifier" true true false 38 Guid 0 0 ,First,#,\\rsrcnvfs05\ATL_Org_7\bei\4 DISDI_Team\11_Data\02_DISDI_CIP\DISDI_CIP_FY2018\Site_Processing\Site_FINAL_20190423\DefenseSiteLocations_FY18_FINAL_20190423.gdb\FY2018_DSL_Boundaries,sdsId,-1,-1;siteIdpk "Primary Key Identifier" true false false 40 Text 0 0 ,First,#,\\rsrcnvfs05\ATL_Org_7\bei\4 DISDI_Team\11_Data\02_DISDI_CIP\DISDI_CIP_FY2018\Site_Processing\Site_FINAL_20190423\DefenseSiteLocations_FY18_FINAL_20190423.gdb\FY2018_DSL_Boundaries,siteIdpk,-1,-1;siteOwnership "Site Ownership" true true false 17 Text 0 0 ,First,#,\\rsrcnvfs05\ATL_Org_7\bei\4 DISDI_Team\11_Data\02_DISDI_CIP\DISDI_CIP_FY2018\Site_Processing\Site_FINAL_20190423\DefenseSiteLocations_FY18_FINAL_20190423.gdb\FY2018_DSL_Boundaries,siteOwnership,-1,-1;component "component" true true false 15 Text 0 0 ,First,#,\\rsrcnvfs05\ATL_Org_7\bei\4 DISDI_Team\11_Data\02_DISDI_CIP\DISDI_CIP_FY2018\Site_Processing\Site_FINAL_20190423\DefenseSiteLocations_FY18_FINAL_20190423.gdb\FY2018_DSL_Boundaries,component,-1,-1;siteName "siteName" true true false 80 Text 0 0 ,First,#,\\rsrcnvfs05\ATL_Org_7\bei\4 DISDI_Team\11_Data\02_DISDI_CIP\DISDI_CIP_FY2018\Site_Processing\Site_FINAL_20190423\DefenseSiteLocations_FY18_FINAL_20190423.gdb\FY2018_DSL_Boundaries,siteName,-1,-1;siteCode "siteCode" true true false 25 Text 0 0 ,First,#,\\rsrcnvfs05\ATL_Org_7\bei\4 DISDI_Team\11_Data\02_DISDI_CIP\DISDI_CIP_FY2018\Site_Processing\Site_FINAL_20190423\DefenseSiteLocations_FY18_FINAL_20190423.gdb\FY2018_DSL_Boundaries,siteCode,-1,-1;installationName "installationName" true true false 80 Text 0 0 ,First,#,\\rsrcnvfs05\ATL_Org_7\bei\4 DISDI_Team\11_Data\02_DISDI_CIP\DISDI_CIP_FY2018\Site_Processing\Site_FINAL_20190423\DefenseSiteLocations_FY18_FINAL_20190423.gdb\FY2018_DSL_Boundaries,installationName,-1,-1;parent "parent" true true false 3 Text 0 0 ,First,#,\\rsrcnvfs05\ATL_Org_7\bei\4 DISDI_Team\11_Data\02_DISDI_CIP\DISDI_CIP_FY2018\Site_Processing\Site_FINAL_20190423\DefenseSiteLocations_FY18_FINAL_20190423.gdb\FY2018_DSL_Boundaries,parent,-1,-1;city "city" true true false 50 Text 0 0 ,First,#,\\rsrcnvfs05\ATL_Org_7\bei\4 DISDI_Team\11_Data\02_DISDI_CIP\DISDI_CIP_FY2018\Site_Processing\Site_FINAL_20190423\DefenseSiteLocations_FY18_FINAL_20190423.gdb\FY2018_DSL_Boundaries,city,-1,-1;stateOrTerritory "stateOrTerritory" true true false 50 Text 0 0 ,First,#,\\rsrcnvfs05\ATL_Org_7\bei\4 DISDI_Team\11_Data\02_DISDI_CIP\DISDI_CIP_FY2018\Site_Processing\Site_FINAL_20190423\DefenseSiteLocations_FY18_FINAL_20190423.gdb\FY2018_DSL_Boundaries,stateOrTerritory,-1,-1;bracSite "bracSite" true true false 3 Text 0 0 ,First,#,\\rsrcnvfs05\ATL_Org_7\bei\4 DISDI_Team\11_Data\02_DISDI_CIP\DISDI_CIP_FY2018\Site_Processing\Site_FINAL_20190423\DefenseSiteLocations_FY18_FINAL_20190423.gdb\FY2018_DSL_Boundaries,bracSite,-1,-1;ownershipFedState "ownershipFedState" true true false 10 Text 0 0 ,First,#,\\rsrcnvfs05\ATL_Org_7\bei\4 DISDI_Team\11_Data\02_DISDI_CIP\DISDI_CIP_FY2018\Site_Processing\Site_FINAL_20190423\DefenseSiteLocations_FY18_FINAL_20190423.gdb\FY2018_DSL_Boundaries,ownershipFedState,-1,-1;country "country" true true false 35 Text 0 0 ,First,#,\\rsrcnvfs05\ATL_Org_7\bei\4 DISDI_Team\11_Data\02_DISDI_CIP\DISDI_CIP_FY2018\Site_Processing\Site_FINAL_20190423\DefenseSiteLocations_FY18_FINAL_20190423.gdb\FY2018_DSL_Boundaries,country,-1,-1;siteOperationalStatus "siteOperationalStatus" true true false 50 Text 0 0 ,First,#,\\rsrcnvfs05\ATL_Org_7\bei\4 DISDI_Team\11_Data\02_DISDI_CIP\DISDI_CIP_FY2018\Site_Processing\Site_FINAL_20190423\DefenseSiteLocations_FY18_FINAL_20190423.gdb\FY2018_DSL_Boundaries,siteOperationalStatus,-1,-1;Shape_Length "Shape_Length" false true true 8 Double 0 0 ,First,#,\\rsrcnvfs05\ATL_Org_7\bei\4 DISDI_Team\11_Data\02_DISDI_CIP\DISDI_CIP_FY2018\Site_Processing\Site_FINAL_20190423\DefenseSiteLocations_FY18_FINAL_20190423.gdb\FY2018_DSL_Boundaries,Shape_Length,-1,-1;Shape_Area "Shape_Area" false true true 8 Double 0 0 ,First,#,\\rsrcnvfs05\ATL_Org_7\bei\4 DISDI_Team\11_Data\02_DISDI_CIP\DISDI_CIP_FY2018\Site_Processing\Site_FINAL_20190423\DefenseSiteLocations_FY18_FINAL_20190423.gdb\FY2018_DSL_Boundaries,Shape_Area,-1,-1;jointBase "jointBase" true true false 3 Text 0 0 ,First,#,\\rsrcnvfs05\ATL_Org_7\bei\4 DISDI_Team\11_Data\02_DISDI_CIP\DISDI_CIP_FY2018\Site_Processing\Site_FINAL_20190423\DefenseSiteLocations_FY18_FINAL_20190423.gdb\FY2018_DSL_Boundaries,jointBase,-1,-1" #</Process><Process ToolSource="c:\program files (x86)\arcgis\desktop10.5\ArcToolbox\Toolboxes\Data Management Tools.tbx\CalculateField" Date="20190520" Time="144828" Name="" export="">CalculateField FY18_MIRTA_Boundaries component2 [component] VB #</Process><Process ToolSource="c:\program files (x86)\arcgis\desktop10.5\ArcToolbox\Toolboxes\Data Management Tools.tbx\CalculateField" Date="20190520" Time="145128" Name="" export="">CalculateField FY18_MIRTA_Boundaries country2 [country] VB #</Process><Process ToolSource="c:\program files (x86)\arcgis\desktop10.5\ArcToolbox\Toolboxes\Data Management Tools.tbx\CalculateField" Date="20190520" Time="145231" Name="" export="">CalculateField FY18_MIRTA_Boundaries COMPONENT [component2] VB #</Process><Process ToolSource="c:\program files (x86)\arcgis\desktop10.5\ArcToolbox\Toolboxes\Data Management Tools.tbx\CalculateField" Date="20190520" Time="145253" Name="" export="">CalculateField FY18_MIRTA_Boundaries SITE_NAME [siteName] VB #</Process><Process ToolSource="c:\program files (x86)\arcgis\desktop10.5\ArcToolbox\Toolboxes\Data Management Tools.tbx\CalculateField" Date="20190520" Time="145314" Name="" export="">CalculateField FY18_MIRTA_Boundaries STATE_TERR [stateOrTerritory] VB #</Process><Process ToolSource="c:\program files (x86)\arcgis\desktop10.5\ArcToolbox\Toolboxes\Data Management Tools.tbx\CalculateField" Date="20190520" Time="145402" Name="" export="">CalculateField FY18_MIRTA_Boundaries OPER_STAT "Active" VB #</Process><Process ToolSource="c:\program files (x86)\arcgis\desktop10.5\ArcToolbox\Toolboxes\Data Management Tools.tbx\CalculateField" Date="20190520" Time="145420" Name="" export="">CalculateField FY18_MIRTA_Boundaries OPER_STAT "Inactive" VB #</Process><Process ToolSource="c:\program files (x86)\arcgis\desktop10.5\ArcToolbox\Toolboxes\Data Management Tools.tbx\CalculateField" Date="20190520" Time="152443" Name="" export="">CalculateField FY18_MIRTA_Boundaries COUNTRY [country2] VB #</Process><Process ToolSource="c:\program files (x86)\arcgis\desktop10.5\ArcToolbox\Toolboxes\Data Management Tools.tbx\CalculateField" Date="20190520" Time="152517" Name="" export="">CalculateField FY18_MIRTA_Boundaries OS [OPER_STAT] VB #</Process><Process ToolSource="c:\program files (x86)\arcgis\desktop10.5\ArcToolbox\Toolboxes\Data Management Tools.tbx\CalculateField" Date="20190520" Time="152551" Name="" export="">CalculateField FY18_MIRTA_Boundaries OPER_STAT [OS] VB #</Process></lineage><itemProps><itemName Sync="TRUE">FY18_MIRTA_Boundaries</itemName><nativeExtBox><westBL Sync="TRUE">-161.768838</westBL><eastBL Sync="TRUE">174.156519</eastBL><southBL Sync="TRUE">13.307058</southBL><northBL Sync="TRUE">71.361224</northBL><exTypeCode Sync="TRUE">1</exTypeCode></nativeExtBox><itemLocation><linkage Sync="TRUE">file://\\rsrcnvfs05\ATL_Org_7\bei\4 DISDI_Team\10_Projects\01_MIRTA_Public Data Release Coordination\2019 MIRTA\01_FY18_MIRTA_FINAL\FY18_MIRTA_Boundaries.shp</linkage><protocol Sync="TRUE">Local Area Network</protocol></itemLocation><imsContentType Sync="TRUE" export="False">002</imsContentType><itemSize Sync="TRUE">10.501</itemSize></itemProps><coordRef><type Sync="TRUE">Geographic</type><geogcsn Sync="TRUE">GCS_WGS_1984</geogcsn><csUnits Sync="TRUE">Angular Unit: Degree (0.017453)</csUnits><peXml Sync="TRUE">&lt;GeographicCoordinateSystem xsi:type='typens:GeographicCoordinateSystem' xmlns:xsi='http://www.w3.org/2001/XMLSchema-instance' xmlns:xs='http://www.w3.org/2001/XMLSchema' xmlns:typens='http://www.esri.com/schemas/ArcGIS/10.5'&gt;&lt;WKT&gt;GEOGCS[&amp;quot;GCS_WGS_1984&amp;quot;,DATUM[&amp;quot;D_WGS_1984&amp;quot;,SPHEROID[&amp;quot;WGS_1984&amp;quot;,6378137.0,298.257223563]],PRIMEM[&amp;quot;Greenwich&amp;quot;,0.0],UNIT[&amp;quot;Degree&amp;quot;,0.0174532925199433],AUTHORITY[&amp;quot;EPSG&amp;quot;,4326]]&lt;/WKT&gt;&lt;XOrigin&gt;-400&lt;/XOrigin&gt;&lt;YOrigin&gt;-400&lt;/YOrigin&gt;&lt;XYScale&gt;11258999068426.238&lt;/XYScale&gt;&lt;ZOrigin&gt;-100000&lt;/ZOrigin&gt;&lt;ZScale&gt;10000&lt;/ZScale&gt;&lt;MOrigin&gt;-100000&lt;/MOrigin&gt;&lt;MScale&gt;10000&lt;/MScale&gt;&lt;XYTolerance&gt;8.983152841195215e-009&lt;/XYTolerance&gt;&lt;ZTolerance&gt;0.001&lt;/ZTolerance&gt;&lt;MTolerance&gt;0.001&lt;/MTolerance&gt;&lt;HighPrecision&gt;true&lt;/HighPrecision&gt;&lt;LeftLongitude&gt;-180&lt;/LeftLongitude&gt;&lt;WKID&gt;4326&lt;/WKID&gt;&lt;LatestWKID&gt;4326&lt;/LatestWKID&gt;&lt;/GeographicCoordinateSystem&gt;</peXml></coordRef></DataProperties><SyncDate>20190521</SyncDate><SyncTime>10445300</SyncTime><ModDate>20190521</ModDate><ModTime>10445300</ModTime><ArcGISProfile>SDSFIE-M</ArcGISProfile><scaleRange><minScale>150000000</minScale><maxScale>5000</maxScale></scaleRange><ArcGISstyle>SDSFIE-M 1.0.2</ArcGISstyle></Esri><mdLang><languageCode value="eng"/><countryCode value="USA" Sync="TRUE"/></mdLang><mdChar><CharSetCd value="004"/></mdChar><mdHrLv><ScopeCd value="005"/></mdHrLv><mdContact xmlns=""><rpIndName>The DISDI Program</rpIndName><rpOrgName>Office of the Assistant Secretary of Defense for Sustainment</rpOrgName><rpPosName>Custodian</rpPosName><role><RoleCd value="002"/></role><displayName>The DISDI Program</displayName></mdContact><mdStanName>ArcGIS Metadata</mdStanName><mdStanVer>1.0</mdStanVer><distInfo xmlns=""><distFormat xmlns=""><formatVer>ArcGIS 10.5</formatVer><formatName Sync="TRUE">Shapefile</formatName></distFormat><distributor xmlns=""><distorCont xmlns=""><rpIndName>The DISDI Program</rpIndName><rpOrgName>Office of the Assistant Secretary of Defense for Sustainment</rpOrgName><rpPosName>Custodian</rpPosName><role><RoleCd value="007"/></role><displayName>The DISDI Program</displayName></distorCont><distorOrdPrc xmlns=""><resFees units="">None</resFees><ordInstr>Visit https://www.acq.osd.mil/eie/Downloads/DISDI/installations_ranges.zip to download a copy of the data.</ordInstr><ordTurn>Data is downloadable and turnaround will vary by user.</ordTurn></distorOrdPrc></distributor><distTranOps><transSize Sync="TRUE">10.501</transSize></distTranOps></distInfo><dataIdInfo><idCitation xmlns=""><presForm xmlns=""><fgdcGeoform>vector digital data</fgdcGeoform><PresFormCd value="005" Sync="TRUE"/></presForm><date><createDate>2019-05-20T00:00:00</createDate><pubDate>2019-05-20T00:00:00</pubDate><reviseDate>2019-05-20T00:00:00</reviseDate></date><citRespParty xmlns=""><rpIndName>The DISDI Program</rpIndName><rpOrgName>Office of the Assistant Secretary of Defense for Sustainment</rpOrgName><rpPosName>Custodian</rpPosName><role><RoleCd value="002"/></role></citRespParty><resTitle Sync="TRUE">FY18_MIRTA_Boundaries</resTitle><resEd>FY18 2018</resEd><resEdDate>20190520</resEdDate></idCitation><idPurp>This geospatial dataset contains the authoritative point locations and (where available) boundaries of Department of Defense sites, commonly referred to as installations, ranges, training areas, bases, forts, camps, armories, centers, etc. These installations are, in many cases, comprised of a number of subordinate sites. This list does not necessarily represent a comprehensive collection of all Department of Defense facilities, and only those reported in the Fiscal Year 2018 Base Structure Report (BSR)  were considered for inclusion. Points are placed either at the center of each site or near the center of the most actively used portion of the site. Boundaries encompass federally owned or otherwise managed lands, as defined in the BSR.  The point and boundary location datasets are intended for planning purposes only, and do not represent the legal or surveyed land parcel boundaries.  Please use the release notes and the metadata to validate whether this dataset is suitable for your intended use.</idPurp><idAbs>&lt;DIV STYLE="text-align:Left;"&gt;&lt;DIV&gt;&lt;DIV&gt;&lt;P&gt;&lt;SPAN&gt;The dataset depicts the authoritative locations of the most commonly known Department of Defense (DoD) sites, installations, ranges, and training areas world-wide. These sites encompass land which is federally owned or otherwise managed. This dataset was created from source data provided by the four Military Service Component headquarters and was compiled by the Defense Installation Spatial Data Infrastructure (DISDI) Program within the Office of the Assistant Secretary of Defense for Sustainment. Sites were selected from the FY 2018 Base Structure Report (BSR), a summary of the DoD Real Property Inventory. This list does not necessarily represent a comprehensive collection of all Department of Defense facilities. For inventory purposes, installations are comprised of sites, where a site is defined as a specific geographic location of federally owned or managed land and is assigned to military installation. DoD installations are commonly referred to as a base, camp, post, station, yard, center, homeport facility for any ship, or other activity under the jurisdiction, custody, control of the DoD.&lt;/SPAN&gt;&lt;/P&gt;&lt;P&gt;&lt;SPAN&gt;While every attempt has been made to provide the best available data quality, this data set is intended for use at mapping scales between 1:50,000 and 1:3,000,000. For this reason, boundaries in this data set may not perfectly align with DoD site boundaries depicted in other federal data sources. Maps produced at a scale of 1:50,000 or smaller which otherwise comply with National Map Accuracy Standards, will remain compliant when this data is incorporated. Boundary data is most suitable for larger scale maps; point locations are better suited for mapping scales between 1:250,000 and 1:3,000,000.&lt;/SPAN&gt;&lt;/P&gt;&lt;P&gt;&lt;SPAN&gt;If a site is part of a Joint Base (effective/designated on 1 October, 2010) as required under the 2005 Base Realignment and Closure process, it is attributed with the name of the Joint Base. All sites comprising a Joint Base are also attributed to the responsible DoD Component, which is not necessarily the original Component responsible for the site.&lt;/SPAN&gt;&lt;/P&gt;&lt;/DIV&gt;&lt;/DIV&gt;&lt;/DIV&gt;</idAbs><searchKeys><keyword>intelligenceMilitary</keyword></searchKeys><resConst><Consts><useLimit>&lt;DIV STYLE="text-align:Left;"&gt;&lt;DIV&gt;&lt;DIV&gt;&lt;DIV STYLE="font-size:12pt"&gt;&lt;P&gt;&lt;SPAN&gt;Preferred use citation: "Although these data have been provided by the DoD Components, no warranty expressed or implied is made regarding the utility of the data on any other system, in derived products or data alterations, nor shall the act of distribution constitute and such warranty."&lt;/SPAN&gt;&lt;/P&gt;&lt;/DIV&gt;&lt;/DIV&gt;&lt;/DIV&gt;&lt;/DIV&gt;</useLimit></Consts></resConst><themeKeys xmlns=""><keyword>intelligenceMilitary</keyword></themeKeys><dataChar><CharSetCd value="004"/></dataChar><idPoC xmlns=""><rpIndName>The DISDI Program</rpIndName><rpOrgName>Office of the Assistant Secretary of Defense for Sustainment</rpOrgName><rpPosName>Custodian</rpPosName><role><RoleCd value="007"/></role><displayName>The DISDI Program</displayName></idPoC><resMaint xmlns=""><maintFreq><MaintFreqCd value="008"/></maintFreq><dateNext>2020-05-20T00:00:00</dateNext></resMaint><resConst><LegConsts xmlns=""><useLimit>See access and use constraints information.</useLimit></LegConsts></resConst><resConst><SecConsts xmlns=""><class><ClasscationCd value="001"/></class><classSys>US CAPCO</classSys><useLimit>Preferred use citation: "Although these data have been provided by the DoD Components, no warranty expressed or implied is made regarding the utility of the data on any other system, in derived products or data alterations, nor shall the act of distribution constitute and such warranty."</useLimit><sdsOwnerProducer xmlns=""><OwnerProducer value="USA"/></sdsOwnerProducer><sdsDistributionStatements xmlns=""><DistributionStatement value="DoD-Dist-A"/></sdsDistributionStatements></SecConsts></resConst><idStatus><ProgCd value="completed"/></idStatus><envirDesc Sync="TRUE"> Version 6.2 (Build 9200) ; Esri ArcGIS 10.5.0.6491</envirDesc><dataLang><languageCode value="eng" Sync="TRUE"/><countryCode value="USA" Sync="TRUE"/></dataLang><spatRpType><SpatRepTypCd value="001" Sync="TRUE"/></spatRpType><dataExt xmlns=""><geoEle xmlns=""><GeoBndBox esriExtentType="search"><exTypeCode Sync="TRUE">1</exTypeCode><westBL Sync="TRUE">-161.768838</westBL><eastBL Sync="TRUE">174.156519</eastBL><northBL Sync="TRUE">71.361224</northBL><southBL Sync="TRUE">13.307058</southBL></GeoBndBox></geoEle></dataExt><tpCat><TopicCatCd value="011"/></tpCat></dataIdInfo><mdMaint xmlns=""><maintFreq><MaintFreqCd value="008"/></maintFreq><dateNext>2020-05-20T00:00:00</dateNext></mdMaint><mdConst><SecConsts xmlns=""><class><ClasscationCd value="001"/></class><classSys>US CAPCO</classSys><sdsOwnerProducer xmlns=""><OwnerProducer value="USA"/></sdsOwnerProducer><sdsDistributionStatements xmlns=""><DistributionStatement value="DoD-Dist-A"/></sdsDistributionStatements><useLimit>None</useLimit></SecConsts></mdConst><mdConst><LegConsts xmlns=""><accessConsts><RestrictCd value="noRestriction"/></accessConsts><useConsts><RestrictCd value="noRestriction"/></useConsts><useLimit>None</useLimit></LegConsts></mdConst><refSysInfo><RefSystem dimension=""><refSysID xmlns=""><identAuth xmlns=""><resTitle>European Petroleum Survey Group</resTitle><date><pubDate>2012-05-26T00:00:00</pubDate></date></identAuth><identCode code="4326" Sync="TRUE"/><idCodeSpace Sync="TRUE">EPSG</idCodeSpace><idVersion Sync="TRUE">6.14(3.0.1)</idVersion></refSysID></RefSystem></refSysInfo><eainfo><detailed Name="FY18_MIRTA_Boundaries" xmlns=""><enttyp><enttypl Sync="TRUE">FY18_MIRTA_Boundaries</enttypl><enttypt Sync="TRUE">Feature Class</enttypt><enttypc Sync="TRUE">778</enttypc><enttypd>Authoritative point locations of Department of Defense sites, commonly referred to as installations, ranges, training areas, bases, forts, camps, armories, center, etc.</enttypd><enttypds>DISDI Program</enttypds></enttyp><attr xmlns=""><attrlabl Sync="TRUE">FID</attrlabl><attalias Sync="TRUE">FID</attalias><attrtype Sync="TRUE">OID</attrtype><attwidth Sync="TRUE">4</attwidth><atprecis Sync="TRUE">0</atprecis><attscale Sync="TRUE">0</attscale><attrdef Sync="TRUE">Internal feature number.</attrdef><attrdefs Sync="TRUE">Esri</attrdefs><attrdomv><udom Sync="TRUE">Sequential unique whole numbers that are automatically generated.</udom></attrdomv></attr><attr xmlns=""><attrlabl Sync="TRUE">OBJECTID</attrlabl><attalias Sync="TRUE">OBJECTID</attalias><attrtype Sync="TRUE">Integer</attrtype><attwidth Sync="TRUE">10</attwidth><atprecis Sync="TRUE">10</atprecis><attscale Sync="TRUE">0</attscale><attrdef Sync="TRUE">Internal feature number.</attrdef><attrdefs Sync="TRUE">Esri</attrdefs><attrdomv><udom Sync="TRUE">Sequential unique whole numbers that are automatically generated.</udom></attrdomv></attr><attr xmlns=""><attrlabl Sync="TRUE">Shape</attrlabl><attalias Sync="TRUE">Shape</attalias><attrtype Sync="TRUE">Geometry</attrtype><attwidth Sync="TRUE">0</attwidth><atprecis Sync="TRUE">0</atprecis><attscale Sync="TRUE">0</attscale><attrdef Sync="TRUE">Feature geometry.</attrdef><attrdefs Sync="TRUE">Esri</attrdefs><attrdomv><udom Sync="TRUE">Coordinates defining the features.</udom></attrdomv></attr><attr xmlns=""><attrlabl Sync="TRUE">COMPONENT</attrlabl><attalias Sync="TRUE">COMPONENT</attalias><attrtype Sync="TRUE">String</attrtype><attwidth Sync="TRUE">15</attwidth><atprecis Sync="TRUE">0</atprecis><attscale Sync="TRUE">0</attscale><attrdef>Designates the primary DoD Component which is the owner/reporter of a site.</attrdef><attrdefs>DISDI Program</attrdefs><attrdomv><udom>String indicating the Component.  Examples include AF Active or MC Reserve.</udom></attrdomv></attr><attr xmlns=""><attrlabl Sync="TRUE">SITE_NAME</attrlabl><attalias Sync="TRUE">SITE_NAME</attalias><attrtype Sync="TRUE">String</attrtype><attwidth Sync="TRUE">80</attwidth><atprecis Sync="TRUE">0</atprecis><attscale Sync="TRUE">0</attscale><attrdef>Name of the physical (geographic) location that is managed by a DoD Component.</attrdef><attrdefs>DISDI Program</attrdefs><attrdomv><udom>String indicating the name of the site.  Examples include Fort Stewart or Langley AFB, etc.</udom></attrdomv></attr><attr xmlns=""><attrlabl Sync="TRUE">JOINT_BASE</attrlabl><attalias Sync="TRUE">JOINT_BASE</attalias><attrtype Sync="TRUE">String</attrtype><attwidth Sync="TRUE">100</attwidth><atprecis Sync="TRUE">0</atprecis><attscale Sync="TRUE">0</attscale><attrdef>Identifies sites comprising a Joint Base, if applicable.</attrdef><attrdefs>DISDI Program</attrdefs><attrdomv><udom>String indicating the Joint Base Name of a site, if applicable.  Examples include Joint Base Myer - Henderson Hall or Joint Region Marianas.</udom></attrdomv></attr><attr xmlns=""><attrlabl Sync="TRUE">STATE_TERR</attrlabl><attalias Sync="TRUE">STATE_TERR</attalias><attrtype Sync="TRUE">String</attrtype><attwidth Sync="TRUE">50</attwidth><atprecis Sync="TRUE">0</atprecis><attscale Sync="TRUE">0</attscale><attrdef>State or territory in which the site is located</attrdef><attrdefs>DISDI Program</attrdefs><attrdomv><udom>String indicating the state or territory where the site is located.</udom></attrdomv></attr><attr xmlns=""><attrlabl Sync="TRUE">COUNTRY</attrlabl><attalias Sync="TRUE">COUNTRY</attalias><attrtype Sync="TRUE">String</attrtype><attwidth Sync="TRUE">50</attwidth><atprecis Sync="TRUE">0</atprecis><attscale Sync="TRUE">0</attscale><attrdef>Country in which the site is located</attrdef><attrdefs>DISDI Program</attrdefs><attrdomv><udom>String indicating the country where the site is located.</udom></attrdomv></attr><attr xmlns=""><attrlabl Sync="TRUE">OPER_STAT</attrlabl><attalias Sync="TRUE">OPER_STAT</attalias><attrtype Sync="TRUE">String</attrtype><attwidth Sync="TRUE">15</attwidth><atprecis Sync="TRUE">0</atprecis><attscale Sync="TRUE">0</attscale><attrdef>Indicates whether the site currently has an on-going operational/support mission(s).</attrdef><attrdefs>DISDI Program</attrdefs><attrdomv><udom>String indicating either "Active" or "Inactive"</udom></attrdomv></attr></detailed></eainfo><mdHrLvName Sync="TRUE">dataset</mdHrLvName><spatRepInfo><VectSpatRep><geometObjs Name="FY18_MIRTA_Boundaries"><geoObjTyp><GeoObjTypCd value="002" Sync="TRUE"></GeoObjTypCd></geoObjTyp><geoObjCnt Sync="TRUE">778</geoObjCnt></geometObjs><topLvl><TopoLevCd value="001" Sync="TRUE"></TopoLevCd></topLvl></VectSpatRep></spatRepInfo><spdoinfo><ptvctinf><esriterm Name="FY18_MIRTA_Boundaries"><efeatyp Sync="TRUE">Simple</efeatyp><efeageom code="4" Sync="TRUE"></efeageom><esritopo Sync="TRUE">FALSE</esritopo><efeacnt Sync="TRUE">778</efeacnt><spindex Sync="TRUE">TRUE</spindex><linrefer Sync="TRUE">FALSE</linrefer></esriterm></ptvctinf></spdoinfo><mdDateSt Sync="TRUE">20190521</mdDateSt><mdFileID>AAB8B4B0-76A1-4C81-92F4-128AF25A3989</mdFileID><dqInfo xmlns=""><dqScope><scpLvl><ScopeCd value="005"/></scpLvl></dqScope><dataLineage><statement>The dataset depicts the authoritative locations of the most commonly known Department of Defense (DoD) sites, installations, ranges, and training areas world-wide. These sites encompass land which is federally owned or otherwise managed. This dataset was created from source data provided by the four Military Service Component headquarters and was compiled by the Defense Installation Spatial Data Infrastructure (DISDI) Program within the Office of the Assistant Secretary of Defense for Sustainment. Sites were selected from the FY 2018 Base Structure Report (BSR), a summary of the DoD Real Property Inventory. </statement></dataLineage></dqInfo></metadata>
